Address1,Address2
115| A| Mittal Towers| Nariman Point|Mumbai| Maharashtra| 400021,115| A| Mittal Towers| Nariman Point|Mumbai| Maharashtra| 400021
2694 Honeysuckle Lane||||Washington||98119,2694| Honeysuckle Lane||Seattle|Washington|USA|98119
205| Abhishek| New Link Rd| Andheri (west)| Mumbai|| Maharashtra-400053,205 Abhishek| New Link Rd Behind Kuber Complex| Andheri (west)| Mumbai| Maharashtra|India|400053
3831| Riverwood Drive|Sacramento|95814|| California|,3831|| Riverwood Drive|Sacramento| California| US| 95814-0722
30| Simone Weil Avenue|Wedhampton|SN10 2SX|United Kingdom||,30| Simone Weil Avenue|Edinburgh|Wedhampton||United Kingdom|SN10 2SX
4740 Reed Road||Upper Arlington|OH|||436063444,4740| Reed Road|Suite 109|Upper Arlington|OH|USA|43606
35 boulevard Aristide Briand|Le Grand-quevilly||Haute-Normandie|||76120,35| boulevard Aristide Briand|Le Grand-quevilly|Haute-Normandie|Paris|France|76120
3780 NW 22nd Ave|Apt 902||Miami|FL||33142,3780 NW 22nd Ave|Apartment 902||Miami|Florida||33142
861 Virginia Street|||Berkeley|USA|US|,861 Virginia Street|||Berkeley|California|US|33144
940 Rendezvous Road|||Riverton|USA|US|,940 Rendezvous Road|||Riverton|California|US|
4/5190 Gali No. 4 Krishna Nagar|||Karol Bagh|IN-DL|IN|100002,4/5190 Gali No. 4| Krishna Nagar|Karol Bagh|New Delhi| Delhi|India|100002
Jesus Garcia|Villahermosa||Villahermosa|TAB||86040,Jesus Garcia|Villahermosa||Villahermosa|TAB|Mexico|86040
Isis 2072|Lomas Del Paradero||Guadalajara|MEX||44840,Isis 2072|Lomas Del Paradero||Guadalajara|Mexico City|Mexico|44840
1424 Grovewood Ln|Roseville||CA95747|US-CA|US|,1424 Grovewood Ln|||Roseville|California|US| 95747
Shreshta Panchajanya 25|51 Arundale Beach Road||Chennai|TNA|IN|,Shreshta Panchajanya 25|51 Arundale Beach Road||Chennai|Tamil Nadu|India|710023
Petit Towers 2301(23 Floor)|August Kranti Marg|Kemp's Corner Mumbai|Mumbai|Mah||400026,Petit Towers 2301(23 Floor)|August Kranti Marg|Kemp's Corner Mumbai|Mumbai|Maharashtra|India|400026
A/20| Saibaba Soc|B/H|Police Line Sardar Nagar||Ahmedabad|GJ||382475,A/20| Saibaba Soc|B/H|Police Line Sardar Nagar||Ahmedabad|Gujarat|India|382475
942 Gali No 12 Rajiv Gan|Dhi Nagar New Mustafabad||Delhi-110094|110||94,942 Gali No 12| Rajiv Gandhi Nagar| New Mustafabad|New Delhi|Delhi|India|110094
71 Canning Street 5th Floor |||Kolkata 700001|Kol||Katta 700001,71| Canning Street| 5th Floor|KolKata| West Bengal| India| 700001
